Type,ID,Parent,Title,Role,Goal,Reason,Owner,Estimate,Unit,Priority,Epic,Status
Story,STORY-101,,Returning customer login,returning customer,log in with my email address and password,I can reach my saved order history and addresses without re-entering my details every visit,A. Rivera,5,points,Must have,Authentication,Ready
Task,T-101.1,STORY-101,Build the login form UI with labels and inline validation,,,,C. Lewis,4,hours,Must have,Authentication,Ready
Task,T-101.2,STORY-101,Implement POST /api/auth/login with signed 7-day session cookie,,,,A. Rivera,6,hours,Must have,Authentication,Ready
Task,T-101.3,STORY-101,Add per-email and per-IP rate limiting with 15-minute lockout,,,,A. Rivera,3,hours,Must have,Authentication,Ready
Story,STORY-102,,Self-service password reset,customer who has forgotten my password,request a secure reset link by email and set a new password myself,I can get back into my account in minutes without waiting on a support ticket,C. Lewis,3,points,Must have,Authentication,Ready
Task,T-102.1,STORY-102,Build forgot-password and set-new-password pages,,,,C. Lewis,4,hours,Must have,Authentication,Ready
Task,T-102.2,STORY-102,Implement single-use reset tokens hashed at rest with 60-minute expiry,,,,A. Rivera,5,hours,Must have,Authentication,Ready
Task,T-102.3,STORY-102,Wire reset email template and invalidate all sessions on reset,,,,J. Chen,3,hours,Must have,Authentication,Ready
Story,RAW-3,,Fix signup,,,,Unassigned,,,Should have,Onboarding,Not Ready
Story,RAW-4,,Dashboard,,,,Unassigned,,,Could have,Account,Not Ready
Story,RAW-5,,Email stuff,,,,Unassigned,,,Could have,Notifications,Not Ready
